{"cameraMode":{"drawMode":0,"name":"Shaded","section":"Shading Mode"},"sceneLighting":false,"audioPlay":false,"sceneViewState":{"m_AlwaysRefresh":false,"showFog":true,"showSkybox":false,"showFlares":true,"showImageEffects":true,"showParticleSystems":true,"showVisualEffectGraphs":true,"m_FxEnabled":true},"in2DMode":false,"pivot":{"x":3.7139980792999269,"y":0.8000002503395081,"z":-3.8655829429626467},"rotation":{"x":0.0504160076379776,"y":-0.09960877895355225,"z":-0.005053500644862652,"w":-0.9937368631362915},"size":1.3856407403945923,"orthographic":false}